Date,Confirmed,Recovered,Deceased
2020-01-31,0.0,,0.0
2020-02-01,0.0,,0.0
2020-02-02,1.0,,0.0
2020-02-03,1.0,,0.0
2020-02-04,0.0,,0.0
2020-02-05,0.0,,0.0
2020-02-06,0.0,,0.0
2020-02-07,0.0,,0.0
2020-02-08,0.0,,0.0
2020-02-09,0.0,,0.0
2020-02-10,0.0,,0.0
2020-02-11,0.0,,0.0
2020-02-12,0.0,,0.0
2020-02-13,0.0,,0.0
2020-02-14,0.0,,0.0
2020-02-15,0.0,,0.0
2020-02-16,0.0,,0.0
2020-02-17,0.0,,0.0
2020-02-18,0.0,,0.0
2020-02-19,0.0,,0.0
2020-02-20,0.0,,0.0
2020-02-21,0.0,,0.0
2020-02-22,0.0,,0.0
2020-02-23,0.0,,0.0
2020-02-24,0.0,,0.0
2020-02-25,0.0,,0.0
2020-02-26,0.0,,0.0
2020-02-27,0.0,,0.0
2020-02-28,0.0,,0.0
2020-02-29,0.0,,0.0
2020-03-01,0.0,,0.0
2020-03-02,0.0,,0.0
2020-03-03,0.0,,0.0
2020-03-04,0.0,,0.0
2020-03-05,0.0,,0.0
2020-03-06,0.0,,0.0
2020-03-07,0.0,,0.0
2020-03-08,0.0,,0.0
2020-03-09,6.0,,0.0
2020-03-10,8.0,,0.0
2020-03-11,0.0,,0.0
2020-03-12,2.0,,0.0
2020-03-13,3.0,,0.0
2020-03-14,0.0,,0.0
2020-03-15,2.0,,0.0
2020-03-16,3.0,,0.0
2020-03-17,0.0,,0.0
2020-03-18,0.0,,0.0
2020-03-19,1.0,,0.0
2020-03-20,12.0,,0.0
2020-03-21,12.0,,0.0
2020-03-22,15.0,,0.0
2020-03-23,28.0,,0.0
2020-03-24,14.0,,0.0
2020-03-25,9.0,,0.0
2020-03-26,19.0,,0.0
2020-03-27,39.0,3.0,0.0
2020-03-28,6.0,8.0,1.0
2020-03-29,20.0,4.0,0.0
2020-03-30,32.0,0.0,0.0
2020-03-31,7.0,4.0,1.0
2020-04-01,24.0,2.0,0.0
2020-04-02,21.0,2.0,0.0
2020-04-03,9.0,14.0,0.0
2020-04-04,11.0,8.0,0.0
2020-04-05,8.0,6.0,0.0
2020-04-06,13.0,3.0,0.0
2020-04-07,8.0,12.0,0.0
2020-04-08,9.0,13.0,0.0
2020-04-09,12.0,13.0,0.0
2020-04-10,7.0,27.0,0.0
2020-04-11,10.0,19.0,0.0
2020-04-12,2.0,36.0,0.0
2020-04-13,3.0,19.0,0.0
2020-04-14,8.0,13.0,0.0
2020-04-15,1.0,7.0,0.0
2020-04-16,7.0,27.0,0.0
2020-04-17,1.0,10.0,0.0
2020-04-18,4.0,2.0,0.0
2020-04-19,2.0,13.0,0.0
2020-04-20,6.0,21.0,0.0
2020-04-21,19.0,16.0,0.0
2020-04-22,11.0,1.0,0.0
2020-04-23,10.0,8.0,0.0
2020-04-24,3.0,15.0,1.0
2020-04-25,7.0,7.0,0.0
2020-04-26,11.0,4.0,0.0
2020-04-27,13.0,13.0,0.0
2020-04-28,4.0,4.0,0.0
2020-04-29,10.0,10.0,0.0
2020-04-30,2.0,14.0,0.0
2020-05-01,0.0,9.0,0.0
2020-05-02,2.0,8.0,0.0
2020-05-03,0.0,1.0,0.0
2020-05-04,0.0,61.0,0.0
2020-05-05,3.0,0.0,0.0
2020-05-06,0.0,7.0,0.0
2020-05-07,0.0,5.0,0.0
2020-05-08,1.0,10.0,0.0
2020-05-09,2.0,1.0,0.0
2020-05-10,7.0,4.0,0.0
2020-05-11,7.0,0.0,0.0
2020-05-12,5.0,0.0,0.0
2020-05-13,10.0,1.0,0.0
2020-05-14,26.0,3.0,0.0
2020-05-15,16.0,0.0,0.0
2020-05-16,11.0,4.0,0.0
2020-05-17,14.0,0.0,0.0
2020-05-18,29.0,0.0,0.0
2020-05-19,12.0,0.0,0.0
2020-05-20,24.0,5.0,0.0
2020-05-21,24.0,8.0,0.0
2020-05-22,42.0,2.0,1.0
2020-05-23,62.0,3.0,0.0
2020-05-24,53.0,5.0,1.0
2020-05-25,49.0,12.0,1.0
2020-05-26,67.0,10.0,0.0
2020-05-27,40.0,10.0,0.0
2020-05-28,85.0,3.0,1.0
2020-05-29,62.0,10.0,1.0
2020-05-30,58.0,10.0,1.0
2020-05-31,61.0,15.0,1.0
2020-06-01,57.0,18.0,0.0
2020-06-02,86.0,19.0,1.0
2020-06-03,82.0,24.0,0.0
2020-06-04,94.0,39.0,3.0
2020-06-05,111.0,22.0,0.0
2020-06-06,108.0,50.0,1.0
2020-06-07,107.0,41.0,0.0
2020-06-08,91.0,11.0,1.0
2020-06-09,91.0,34.0,0.0
2020-06-10,65.0,57.0,1.0
2020-06-11,83.0,62.0,1.0
2020-06-12,78.0,32.0,1.0
2020-06-13,85.0,46.0,0.0
2020-06-14,54.0,56.0,0.0
2020-06-15,82.0,73.0,1.0
2020-06-16,79.0,60.0,0.0
2020-06-17,75.0,90.0,0.0
2020-06-18,97.0,89.0,1.0
2020-06-19,118.0,96.0,0.0
2020-06-20,127.0,57.0,0.0
2020-06-21,133.0,93.0,0.0
2020-06-22,138.0,88.0,0.0
2020-06-23,141.0,60.0,1.0
2020-06-24,152.0,81.0,0.0
2020-06-25,123.0,53.0,0.0
2020-06-26,150.0,65.0,0.0
2020-06-27,195.0,102.0,0.0
2020-06-28,118.0,42.0,0.0
2020-06-29,122.0,79.0,1.0
2020-06-30,131.0,75.0,1.0
2020-07-01,151.0,132.0,1.0
2020-07-02,160.0,202.0,0.0
2020-07-03,211.0,201.0,0.0
2020-07-04,240.0,209.0,0.0
2020-07-05,225.0,126.0,0.0
2020-07-06,193.0,167.0,2.0
2020-07-07,272.0,113.0,0.0
2020-07-08,301.0,105.0,0.0
2020-07-09,339.0,149.0,0.0
2020-07-10,416.0,112.0,0.0
2020-07-11,488.0,143.0,2.0
2020-07-12,435.0,132.0,2.0
2020-07-13,449.0,162.0,2.0
2020-07-14,608.0,181.0,1.0
2020-07-15,623.0,196.0,1.0
2020-07-16,722.0,228.0,2.0
2020-07-17,791.0,133.0,1.0
2020-07-18,593.0,204.0,2.0
2020-07-19,821.0,172.0,2.0
2020-07-20,794.0,245.0,1.0
2020-07-21,720.0,274.0,1.0
2020-07-22,1038.0,272.0,1.0
2020-07-23,1078.0,432.0,5.0
2020-07-24,885.0,968.0,4.0
2020-07-25,1103.0,1049.0,5.0
2020-07-26,927.0,689.0,2.0
2020-07-27,702.0,745.0,2.0
2020-07-28,1167.0,679.0,4.0
2020-07-29,903.0,645.0,1.0
2020-07-30,506.0,790.0,2.0
2020-07-31,1310.0,864.0,3.0
2020-08-01,1129.0,752.0,8.0
2020-08-02,1169.0,688.0,1.0
2020-08-03,962.0,815.0,2.0
2020-08-04,1083.0,1021.0,3.0
2020-08-05,1195.0,1234.0,7.0
2020-08-06,1298.0,800.0,3.0
2020-08-07,1251.0,814.0,5.0
2020-08-08,1420.0,1715.0,4.0
2020-08-09,1211.0,970.0,2.0
2020-08-10,1184.0,784.0,7.0
2020-08-11,1417.0,1426.0,5.0
2020-08-12,1212.0,880.0,6.0
2020-08-13,1564.0,766.0,3.0
2020-08-14,1569.0,1304.0,10.0
2020-08-15,1608.0,803.0,7.0
2020-08-16,1530.0,1099.0,10.0
2020-08-17,1725.0,1131.0,13.0
2020-08-18,1758.0,1365.0,6.0
2020-08-19,2333.0,1217.0,7.0
2020-08-20,1968.0,1217.0,9.0
2020-08-21,1983.0,1419.0,12.0
2020-08-22,2172.0,1292.0,15.0
2020-08-23,1908.0,1110.0,5.0
2020-08-24,1242.0,1238.0,11.0
2020-08-25,2375.0,1456.0,10.0
2020-08-26,2476.0,1351.0,13.0
2020-08-27,2406.0,2067.0,10.0
2020-08-28,2543.0,2097.0,7.0
2020-08-29,2397.0,2225.0,6.0
2020-08-30,2154.0,1766.0,7.0
2020-08-31,1530.0,1693.0,7.0
2020-09-01,1140.0,2111.0,4.0
2020-09-02,1547.0,2129.0,7.0
2020-09-03,1553.0,1950.0,10.0
2020-09-04,2479.0,2716.0,11.0
2020-09-05,2655.0,2111.0,11.0
2020-09-06,3082.0,2196.0,10.0
2020-09-07,1648.0,2246.0,12.0
2020-09-08,3026.0,1862.0,13.0
2020-09-09,3402.0,2058.0,12.0
2020-09-10,3349.0,1657.0,12.0
2020-09-11,2988.0,1326.0,14.0
2020-09-12,2885.0,1944.0,15.0
2020-09-13,3139.0,1855.0,14.0
2020-09-14,2540.0,2110.0,15.0
2020-09-15,3215.0,2532.0,12.0
2020-09-16,3830.0,2263.0,14.0
2020-09-17,4351.0,2737.0,9.0
2020-09-18,4167.0,2744.0,12.0
2020-09-19,4644.0,2862.0,18.0
2020-09-20,4696.0,2751.0,16.0
2020-09-21,2910.0,3026.0,18.0
2020-09-22,4125.0,3007.0,19.0
2020-09-23,5376.0,2951.0,20.0
2020-09-24,6324.0,3168.0,21.0
2020-09-25,6477.0,3481.0,22.0
2020-09-26,7006.0,3199.0,21.0
2020-09-27,7445.0,3391.0,21.0
2020-09-28,4538.0,3347.0,20.0
2020-09-29,7354.0,3420.0,22.0
2020-09-30,8830.0,3536.0,23.0
2020-10-01,8135.0,2828.0,29.0
2020-10-02,9258.0,4092.0,20.0
2020-10-03,7834.0,4476.0,22.0
2020-10-04,8553.0,4851.0,23.0
2020-10-05,5042.0,4640.0,23.0
2020-10-06,7871.0,4981.0,25.0
2020-10-07,10606.0,6161.0,22.0
2020-10-08,5445.0,7003.0,24.0
2020-10-09,9250.0,8048.0,25.0
2020-10-10,11755.0,7570.0,23.0
2020-10-11,9347.0,8924.0,25.0
2020-10-12,5930.0,7836.0,22.0
2020-10-13,8764.0,7723.0,21.0
2020-10-14,6244.0,7792.0,20.0
2020-10-15,7789.0,7082.0,23.0
2020-10-16,7283.0,6767.0,24.0
2020-10-17,9016.0,7991.0,26.0
2020-10-18,7631.0,8410.0,22.0
2020-10-19,5022.0,7469.0,21.0
2020-10-20,6591.0,7375.0,24.0
2020-10-21,8369.0,6839.0,26.0
2020-10-22,7482.0,7593.0,23.0
2020-10-23,8511.0,6118.0,26.0
2020-10-24,8253.0,6468.0,25.0
2020-10-25,6843.0,7649.0,26.0
2020-10-26,4287.0,7107.0,20.0
2020-10-27,5457.0,7015.0,24.0
2020-10-28,8790.0,7660.0,27.0
2020-10-29,7020.0,8474.0,26.0
2020-10-30,6638.0,7828.0,28.0
2020-10-31,7983.0,7330.0,27.0
2020-11-01,7025.0,8511.0,28.0
2020-11-02,4138.0,7108.0,21.0
2020-11-03,6862.0,8802.0,26.0
2020-11-04,8516.0,8206.0,28.0
2020-11-05,6820.0,7699.0,26.0
2020-11-06,7002.0,7854.0,27.0
2020-11-07,7201.0,7120.0,28.0
2020-11-08,5440.0,6853.0,24.0
2020-11-09,3593.0,5983.0,22.0
2020-11-10,6010.0,6698.0,28.0
2020-11-11,7007.0,7252.0,29.0
2020-11-12,5537.0,6119.0,25.0
2020-11-13,5804.0,6201.0,26.0
2020-11-14,6357.0,6793.0,26.0
2020-11-15,4581.0,6684.0,21.0
2020-11-16,2710.0,6567.0,19.0
2020-11-17,5792.0,6620.0,27.0
2020-11-18,6419.0,7066.0,28.0
2020-11-19,5722.0,6860.0,26.0
2020-11-20,6028.0,6398.0,28.0
2020-11-21,5772.0,6719.0,25.0
2020-11-22,5254.0,6227.0,27.0
2020-11-23,3757.0,5425.0,22.0
2020-11-24,5420.0,5149.0,24.0
2020-11-25,6491.0,5770.0,26.0
2020-11-26,5378.0,5970.0,27.0
2020-11-27,3966.0,4544.0,23.0
2020-11-28,6250.0,5275.0,25.0
2020-11-29,5643.0,5861.0,27.0
2020-11-30,3382.0,6055.0,21.0
2020-12-01,5375.0,6151.0,26.0
2020-12-02,6316.0,5924.0,28.0
2020-12-03,5376.0,5590.0,31.0
2020-12-04,5718.0,5496.0,29.0
2020-12-05,5848.0,5820.0,32.0
2020-12-06,4777.0,5217.0,28.0
2020-12-07,3272.0,4705.0,23.0
2020-12-08,5032.0,4735.0,31.0
2020-12-09,4875.0,4647.0,35.0
2020-12-10,4470.0,4847.0,26.0
2020-12-11,4642.0,4748.0,29.0
2020-12-12,5949.0,5268.0,32.0
2020-12-13,4698.0,5258.0,29.0
2020-12-14,2707.0,4481.0,24.0
2020-12-15,5218.0,5066.0,33.0
2020-12-16,6185.0,5728.0,27.0
2020-12-17,4969.0,4970.0,27.0
2020-12-18,5456.0,4701.0,23.0
2020-12-19,6293.0,4749.0,29.0
2020-12-20,5711.0,4471.0,30.0
2020-12-21,3423.0,4494.0,27.0
2020-12-22,6049.0,5057.0,27.0
2020-12-23,6169.0,4808.0,22.0
2020-12-24,5177.0,4801.0,22.0
2020-12-25,5397.0,4506.0,16.0
2020-12-26,3527.0,3782.0,21.0
2020-12-27,4905.0,3463.0,25.0
2020-12-28,3047.0,4172.0,14.0
2020-12-29,5887.0,5029.0,24.0
2020-12-30,6268.0,5707.0,28.0
2020-12-31,5215.0,5376.0,30.0
2021-01-01,4991.0,5111.0,23.0
2021-01-02,5328.0,4985.0,21.0
2021-01-03,4600.0,4668.0,25.0
2021-01-04,3021.0,5145.0,19.0
2021-01-05,5615.0,4922.0,24.0
2021-01-06,6394.0,5110.0,25.0
2021-01-07,5051.0,5639.0,25.0
2021-01-08,5142.0,5324.0,23.0
2021-01-09,5528.0,5424.0,22.0
2021-01-10,4545.0,4659.0,23.0
2021-01-11,3110.0,3922.0,20.0
2021-01-12,5507.0,4270.0,25.0
2021-01-13,6004.0,5158.0,26.0
2021-01-14,5490.0,4337.0,19.0
2021-01-15,5624.0,4603.0,23.0
2021-01-16,5960.0,5011.0,27.0
2021-01-17,5005.0,4408.0,21.0
2021-01-18,3346.0,3921.0,17.0
2021-01-19,6186.0,4296.0,26.0
2021-01-20,6815.0,7364.0,18.0
2021-01-21,6334.0,6229.0,21.0
2021-01-22,6753.0,6108.0,19.0
2021-01-23,6960.0,5283.0,23.0
2021-01-24,6036.0,5173.0,20.0
2021-01-25,3361.0,5606.0,17.0
2021-01-26,6293.0,5290.0,19.0
2021-01-27,5659.0,5006.0,20.0
2021-01-28,5771.0,5594.0,19.0
2021-01-29,6268.0,6398.0,22.0
2021-01-30,6282.0,7032.0,18.0
2021-01-31,5266.0,5730.0,21.0
2021-02-01,3459.0,5215.0,17.0
2021-02-02,5716.0,5747.0,16.0
2021-02-03,6356.0,6380.0,20.0
2021-02-04,6102.0,6341.0,17.0
2021-02-05,5610.0,6653.0,19.0
2021-02-06,5942.0,6178.0,16.0
2021-02-07,6075.0,5948.0,19.0
2021-02-08,3742.0,5959.0,16.0
2021-02-09,5214.0,6475.0,19.0
2021-02-10,5980.0,5745.0,18.0
2021-02-11,5281.0,5692.0,16.0
2021-02-12,5397.0,5332.0,18.0
2021-02-13,5471.0,5835.0,16.0
2021-02-14,4612.0,4692.0,15.0
2021-02-15,2884.0,5073.0,13.0
2021-02-16,4937.0,5439.0,18.0
2021-02-17,4892.0,4832.0,16.0
2021-02-18,4584.0,5193.0,14.0
2021-02-19,4505.0,4854.0,15.0
2021-02-20,4650.0,5841.0,13.0
2021-02-21,4070.0,4345.0,15.0
2021-02-22,2212.0,5037.0,16.0
2021-02-23,4034.0,4823.0,14.0
2021-02-24,4106.0,5885.0,17.0
2021-02-25,3677.0,4652.0,14.0
2021-02-26,3671.0,4142.0,14.0
2021-02-27,3792.0,4650.0,18.0
2021-02-28,3254.0,4333.0,15.0
2021-03-01,1938.0,3475.0,13.0
2021-03-02,2938.0,3512.0,16.0
2021-03-03,2765.0,4031.0,15.0
2021-03-04,2616.0,4156.0,14.0
2021-03-05,2776.0,3638.0,16.0
2021-03-06,2791.0,3517.0,16.0
2021-03-07,2100.0,4039.0,13.0
2021-03-08,1412.0,3030.0,12.0
2021-03-09,2316.0,4386.0,16.0
2021-03-10,2475.0,4192.0,14.0
2021-03-11,2133.0,3753.0,13.0
2021-03-12,1780.0,3377.0,14.0
2021-03-13,2035.0,3256.0,12.0
2021-03-14,1792.0,3238.0,15.0
2021-03-15,1054.0,3463.0,11.0
2021-03-16,1970.0,2884.0,15.0
2021-03-17,2098.0,2815.0,13.0
2021-03-18,1899.0,2119.0,15.0
2021-03-19,1984.0,1965.0,17.0
2021-03-20,2078.0,2211.0,15.0
2021-03-21,1875.0,2251.0,13.0
2021-03-22,1239.0,1766.0,12.0
2021-03-23,1985.0,2172.0,10.0
2021-03-24,2456.0,2060.0,10.0
2021-03-25,1989.0,1865.0,12.0
2021-03-26,1825.0,1917.0,14.0
2021-03-27,2055.0,2084.0,14.0
2021-03-28,2216.0,1853.0,12.0
2021-03-29,1549.0,1897.0,11.0
2021-03-30,2389.0,1946.0,16.0
2021-03-31,2653.0,2039.0,15.0
2021-04-01,2798.0,1835.0,11.0
2021-04-02,2508.0,2287.0,14.0
2021-04-03,2541.0,1660.0,12.0
2021-04-04,2802.0,2173.0,10.0
2021-04-05,2357.0,1866.0,12.0
2021-04-06,3502.0,1898.0,14.0
2021-04-07,3502.0,1955.0,16.0
2021-04-08,4353.0,2205.0,18.0
2021-04-09,5063.0,2475.0,22.0
2021-04-10,6194.0,2584.0,17.0
2021-04-11,6986.0,2358.0,16.0
2021-04-12,5692.0,2474.0,11.0
2021-04-13,7515.0,2959.0,20.0
2021-04-14,8778.0,2642.0,22.0
2021-04-15,8126.0,2700.0,20.0
2021-04-16,10031.0,3792.0,21.0
2021-04-17,13835.0,3654.0,27.0
2021-04-18,18257.0,4565.0,25.0
2021-04-19,13644.0,4305.0,21.0
2021-04-20,19577.0,3880.0,28.0
2021-04-21,22414.0,5431.0,22.0
2021-04-22,26995.0,6370.0,28.0
2021-04-23,28447.0,5663.0,27.0
2021-04-24,26685.0,7067.0,25.0
2021-04-25,28469.0,8122.0,30.0
2021-04-26,21890.0,7943.0,28.0
2021-04-27,32819.0,18413.0,32.0
2021-04-28,35013.0,15505.0,41.0
2021-04-29,38607.0,21116.0,48.0
2021-04-30,37199.0,17500.0,49.0
2021-05-01,35636.0,15493.0,48.0
2021-05-02,31959.0,16296.0,49.0
2021-05-03,26011.0,19519.0,45.0
2021-05-04,37190.0,26148.0,57.0
2021-05-05,41953.0,23106.0,58.0
2021-05-06,42464.0,27152.0,63.0
2021-05-07,38460.0,26662.0,54.0
2021-05-08,41971.0,27456.0,64.0
2021-05-09,35801.0,29318.0,68.0
2021-05-10,27487.0,31209.0,65.0
2021-05-11,37290.0,32978.0,79.0
2021-05-12,43529.0,34600.0,95.0
2021-05-13,39955.0,33733.0,97.0
2021-05-14,34694.0,31319.0,93.0
2021-05-15,32680.0,29442.0,96.0
2021-05-16,29704.0,34296.0,89.0
2021-05-17,21402.0,99651.0,87.0
2021-05-18,31337.0,45926.0,97.0
2021-05-19,32762.0,48413.0,112.0
2021-05-20,30491.0,44369.0,128.0
2021-05-21,29673.0,41032.0,142.0
2021-05-22,28514.0,45400.0,176.0
2021-05-23,25820.0,37316.0,188.0
2021-05-24,17821.0,36039.0,196.0
2021-05-25,29803.0,33397.0,177.0
2021-05-26,28798.0,35525.0,151.0
2021-05-27,24166.0,30539.0,181.0
2021-05-28,22318.0,26270.0,194.0
2021-05-29,23513.0,28100.0,198.0
2021-05-30,19894.0,29013.0,186.0
2021-05-31,12300.0,28867.0,174.0
2021-06-01,19760.0,24117.0,194.0
2021-06-02,19661.0,29708.0,213.0
2021-06-03,18853.0,26569.0,153.0
2021-06-04,16229.0,25860.0,135.0
2021-06-05,17328.0,24003.0,209.0
2021-06-06,14672.0,21429.0,227.0
2021-06-07,9313.0,21921.0,211.0
2021-06-08,15567.0,20019.0,124.0
2021-06-09,16204.0,20237.0,156.0
2021-06-10,14424.0,17994.0,194.0
2021-06-11,14233.0,15355.0,173.0
2021-06-12,13832.0,18172.0,171.0
2021-06-13,11584.0,17856.0,206.0
2021-06-14,7719.0,16743.0,161.0
2021-06-15,12246.0,13536.0,166.0
2021-06-16,13270.0,15689.0,147.0
2021-06-17,12469.0,13614.0,88.0
2021-06-18,11361.0,12147.0,90.0
2021-06-19,12443.0,13145.0,115.0
2021-06-20,11647.0,12459.0,112.0
2021-06-21,7449.0,13596.0,94.0
2021-06-22,12617.0,11730.0,141.0
2021-06-23,12787.0,13683.0,150.0
2021-06-24,12078.0,11469.0,136.0
2021-06-25,11546.0,11056.0,118.0
2021-06-26,12118.0,11124.0,118.0
2021-06-27,10905.0,12351.0,62.0
2021-06-28,8063.0,11529.0,110.0
2021-06-29,13550.0,10283.0,104.0
2021-06-30,13658.0,11808.0,142.0
2021-07-01,12868.0,11564.0,124.0
2021-07-02,12095.0,10243.0,146.0
2021-07-03,12456.0,12515.0,135.0
2021-07-04,12100.0,11551.0,76.0
2021-07-05,8037.0,11346.0,102.0
2021-07-06,14373.0,10751.0,142.0
2021-07-07,15600.0,11629.0,148.0
2021-07-08,13772.0,11414.0,142.0
2021-07-09,13563.0,10454.0,130.0
2021-07-10,14087.0,11867.0,109.0
2021-07-11,12220.0,12502.0,97.0
2021-07-12,7798.0,11447.0,100.0
2021-07-13,14539.0,10331.0,124.0
2021-07-14,15637.0,12974.0,128.0
2021-07-15,13773.0,12370.0,87.0
2021-07-16,13750.0,10697.0,130.0
2021-07-17,16148.0,13197.0,114.0
2021-07-18,13956.0,13956.0,81.0
2021-07-19,9931.0,13206.0,58.0
2021-07-20,16848.0,12052.0,104.0
2021-07-21,17481.0,14131.0,105.0
2021-07-22,12818.0,13454.0,122.0
2021-07-23,17518.0,11067.0,132.0
2021-07-24,18531.0,15507.0,98.0
2021-07-25,17466.0,15247.0,66.0
2021-07-26,11586.0,14912.0,135.0
2021-07-27,22129.0,13415.0,156.0
2021-07-28,22056.0,17761.0,131.0
2021-07-29,22064.0,16649.0,128.0
2021-07-30,20772.0,14651.0,116.0
2021-07-31,20624.0,16865.0,80.0
2021-08-01,20728.0,17792.0,56.0
2021-08-02,13984.0,15923.0,118.0
2021-08-03,23676.0,15626.0,148.0
2021-08-04,22414.0,19478.0,108.0
2021-08-05,22040.0,20046.0,117.0
2021-08-06,19948.0,19480.0,187.0
2021-08-07,20367.0,20265.0,139.0
2021-08-08,18607.0,20108.0,93.0
2021-08-09,13049.0,20004.0,105.0
2021-08-10,21119.0,18493.0,152.0
2021-08-11,23500.0,19411.0,116.0
2021-08-12,21445.0,20723.0,160.0
2021-08-13,20452.0,16856.0,114.0
2021-08-14,19451.0,19104.0,105.0
2021-08-15,18582.0,20089.0,93.0
2021-08-16,12294.0,18542.0,142.0
2021-08-17,21613.0,18870.0,127.0
2021-08-18,21427.0,18731.0,179.0
2021-08-19,21116.0,19296.0,197.0
2021-08-20,20224.0,17142.0,99.0
2021-08-21,17106.0,20846.0,83.0
2021-08-22,10402.0,25586.0,66.0
2021-08-23,13383.0,21942.0,90.0
2021-08-24,24296.0,19349.0,173.0
2021-08-25,31445.0,20271.0,215.0
2021-08-26,30077.0,18997.0,162.0
2021-08-27,32801.0,18573.0,179.0
2021-08-28,31265.0,21468.0,153.0
2021-08-29,29836.0,22088.0,75.0
2021-08-30,19622.0,22563.0,132.0
2021-08-31,30203.0,20687.0,115.0
2021-09-01,32803.0,21610.0,173.0
2021-09-02,32097.0,21634.0,188.0
2021-09-03,29322.0,22938.0,131.0
2021-09-04,29682.0,25910.0,142.0
2021-09-05,26701.0,28900.0,74.0
2021-09-06,19688.0,28561.0,135.0
2021-09-07,25772.0,27320.0,189.0
2021-09-08,30196.0,27579.0,181.0
2021-09-09,26200.0,29209.0,125.0
2021-09-10,25010.0,23535.0,177.0
2021-09-11,20487.0,26155.0,181.0
2021-09-12,20240.0,29710.0,67.0
2021-09-13,15058.0,28439.0,99.0
2021-09-14,15876.0,25654.0,129.0
2021-09-15,17681.0,25588.0,208.0
2021-09-16,22182.0,26563.0,178.0
2021-09-17,23260.0,20388.0,131.0
2021-09-18,19325.0,27266.0,143.0
2021-09-19,19653.0,26711.0,152.0
2021-09-20,15692.0,22223.0,92.0
2021-09-21,15768.0,21367.0,214.0
2021-09-22,19675.0,19702.0,142.0
2021-09-23,19682.0,20510.0,152.0
2021-09-24,17983.0,15054.0,127.0
2021-09-25,16671.0,14242.0,120.0
2021-09-26,15951.0,17658.0,165.0
2021-09-27,11699.0,17763.0,58.0
2021-09-28,11196.0,18849.0,149.0
2021-09-29,12161.0,17862.0,149.0
2021-09-30,15914.0,16758.0,122.0
2021-10-01,13834.0,13767.0,95.0
2021-10-02,13217.0,14437.0,121.0
2021-10-03,12297.0,16333.0,74.0
2021-10-04,8850.0,17007.0,149.0
2021-10-05,9735.0,13878.0,151.0
2021-10-06,12616.0,14516.0,138.0
2021-10-07,12288.0,15808.0,141.0
2021-10-08,10944.0,12922.0,120.0
2021-10-09,9470.0,12881.0,101.0
2021-10-10,10691.0,12655.0,85.0
2021-10-11,6996.0,16576.0,84.0
2021-10-12,7823.0,12490.0,106.0
2021-10-13,11079.0,9972.0,123.0
2021-10-14,9246.0,10952.0,96.0
2021-10-15,8867.0,9872.0,67.0
2021-10-16,7955.0,11769.0,57.0
2021-10-17,7555.0,10773.0,74.0
2021-10-18,6676.0,11023.0,60.0
2021-10-19,7643.0,10488.0,77.0
2021-10-20,11150.0,8592.0,82.0
2021-10-21,8733.0,9855.0,118.0
2021-10-22,9361.0,9401.0,563.0
2021-10-23,8909.0,8780.0,464.0
2021-10-24,8538.0,11366.0,363.0
2021-10-25,6664.0,9010.0,281.0
2021-10-26,7163.0,6960.0,482.0
2021-10-27,9445.0,6723.0,662.0
2021-10-28,7738.0,5460.0,708.0
2021-10-29,7722.0,6648.0,471.0
2021-10-30,7427.0,7166.0,358.0
2021-10-31,7167.0,6439.0,167.0
2021-11-01,5297.0,7325.0,368.0
2021-11-02,6444.0,8424.0,187.0
2021-11-03,7312.0,8484.0,362.0
2021-11-04,7545.0,5936.0,136.0
2021-11-05,6580.0,7085.0,314.0
2021-11-06,6546.0,6934.0,467.0
2021-11-07,7124.0,7488.0,201.0
2021-11-08,5404.0,6136.0,262.0
2021-11-09,6409.0,6319.0,384.0
2021-11-10,7540.0,7841.0,259.0
2021-11-11,7224.0,7638.0,419.0
2021-11-12,6674.0,7022.0,412.0
2021-11-13,6468.0,6468.0,174.0
2021-11-14,5848.0,7228.0,65.0
2021-11-15,4547.0,6866.0,127.0
2021-11-16,5516.0,6705.0,210.0
2021-11-17,6849.0,6046.0,388.0
2021-11-18,6111.0,7202.0,372.0
2021-11-19,5754.0,6489.0,204.0
2021-11-20,6075.0,6061.0,248.0
2021-11-21,5080.0,7908.0,196.0
2021-11-22,3698.0,7515.0,180.0
2021-11-23,4972.0,5978.0,370.0
2021-11-24,4280.0,5379.0,308.0
2021-11-25,5987.0,5094.0,384.0
2021-11-26,4677.0,6632.0,388.0
2021-11-27,4741.0,5144.0,554.0
2021-11-28,4350.0,5691.0,159.0
2021-11-29,3382.0,5779.0,117.0
2021-11-30,4723.0,5370.0,177.0
2021-12-01,5405.0,4538.0,403.0
2021-12-02,4700.0,4128.0,320.0
2021-12-03,4995.0,4463.0,269.0
2021-12-04,4557.0,5108.0,315.0
2021-12-05,4450.0,4606.0,161.0
2021-12-06,3277.0,5833.0,168.0
2021-12-07,4656.0,5180.0,134.0
2021-12-08,5038.0,4039.0,112.0
2021-12-09,4169.0,4357.0,225.0
2021-12-10,3972.0,4836.0,340.0
2021-12-11,3795.0,4308.0,245.0
2021-12-12,3777.0,3856.0,143.0
2021-12-13,2434.0,4308.0,203.0
2021-12-14,3377.0,4073.0,174.0
2021-12-15,4006.0,3898.0,282.0
2021-12-16,3404.0,4145.0,320.0
2021-12-17,3471.0,4966.0,243.0
2021-12-18,3297.0,3609.0,218.0
2021-12-19,2995.0,4160.0,96.0
2021-12-20,2230.0,3722.0,419.0
2021-12-21,2748.0,3202.0,233.0
2021-12-22,3205.0,3012.0,383.0
2021-12-23,2514.0,3427.0,323.0
2021-12-24,2605.0,3281.0,342.0
2021-12-25,2407.0,3377.0,115.0
2021-12-26,1824.0,3364.0,268.0
2021-12-27,1636.0,2864.0,236.0
2021-12-28,2474.0,3052.0,244.0
2021-12-29,2846.0,2576.0,211.0
2021-12-30,2423.0,2879.0,164.0
2021-12-31,2676.0,2742.0,353.0
2022-01-01,2435.0,2704.0,241.0
2022-01-02,2802.0,2606.0,78.0
2022-01-03,2560.0,2150.0,71.0
2022-01-04,3640.0,2363.0,453.0
2022-01-05,4801.0,1813.0,258.0
2022-01-06,4649.0,2180.0,221.0
2022-01-07,5296.0,2404.0,189.0
2022-01-08,5944.0,2463.0,242.0
2022-01-09,6238.0,2390.0,44.0
2022-01-10,5797.0,2796.0,166.0
2022-01-11,9066.0,2064.0,296.0
2022-01-12,12742.0,2552.0,199.0
2022-01-13,13468.0,3252.0,117.0
2022-01-14,16338.0,3848.0,199.0
2022-01-15,17755.0,3819.0,106.0
2022-01-16,18123.0,4749.0,158.0
2022-01-17,22946.0,5280.0,72.0
2022-01-18,28481.0,7303.0,122.0
2022-01-19,34199.0,8193.0,134.0
2022-01-20,46387.0,15388.0,341.0
2022-01-21,41668.0,17053.0,106.0
2022-01-22,45136.0,21324.0,132.0
2022-01-23,45449.0,27961.0,77.0
2022-01-24,26514.0,30710.0,171.0
2022-01-25,55475.0,30226.0,154.0
2022-01-26,49771.0,34439.0,140.0
2022-01-27,51739.0,42653.0,153.0
2022-01-28,54537.0,30225.0,352.0
2022-01-29,50812.0,47649.0,405.0
2022-01-30,51570.0,32701.0,475.0
2022-01-31,42154.0,38458.0,729.0
2022-02-01,51887.0,40383.0,1205.0
2022-02-02,52199.0,41715.0,500.0
2022-02-03,42677.0,50821.0,601.0
2022-02-04,38684.0,41037.0,595.0
2022-02-05,33538.0,46813.0,444.0
2022-02-06,26729.0,49261.0,515.0
2022-02-07,22524.0,49586.0,860.0
2022-02-08,29471.0,46393.0,824.0
2022-02-09,23253.0,47882.0,854.0
2022-02-10,18420.0,43286.0,341.0
2022-02-11,16012.0,43087.0,492.0
2022-02-12,15184.0,38819.0,427.0
2022-02-13,11136.0,32004.0,146.0
2022-02-14,8989.0,24757.0,178.0
2022-02-15,11776.0,32027.0,304.0
2022-02-16,12223.0,21906.0,338.0
2022-02-17,8655.0,22707.0,319.0
2022-02-18,7780.0,21134.0,191.0
2022-02-19,6757.0,17086.0,524.0
2022-02-20,5427.0,14334.0,92.0
2022-02-21,4069.0,11026.0,128.0
2022-02-22,5691.0,10896.0,130.0
2022-02-23,5023.0,11077.0,188.0
2022-02-24,4064.0,9531.0,212.0
2022-02-25,3581.0,7837.0,177.0
2022-02-26,3262.0,7339.0,181.0
2022-02-27,2524.0,5499.0,62.0
2022-02-28,2010.0,5283.0,110.0
2022-03-01,2846.0,4325.0,168.0
2022-03-02,2373.0,5525.0,96.0
2022-03-03,2222.0,4673.0,161.0
2022-03-04,2190.0,3878.0,254.0
2022-03-05,1836.0,2988.0,124.0
2022-03-06,1408.0,3033.0,44.0
2022-03-07,1223.0,2424.0,83.0
2022-03-08,1791.0,1871.0,111.0
2022-03-09,1421.0,2130.0,88.0
2022-03-10,1426.0,2055.0,227.0
2022-03-11,1175.0,1612.0,73.0
2022-03-12,1088.0,2037.0,31.0
2022-03-13,885.0,1554.0,15.0
2022-03-14,809.0,1597.0,78.0
2022-03-15,1193.0,1034.0,72.0
2022-03-16,966.0,1444.0,50.0
2022-03-17,922.0,1329.0,130.0
2022-03-18,847.0,1321.0,59.0
2022-03-19,719.0,915.0,118.0
2022-03-20,596.0,908.0,24.0
2022-03-21,495.0,850.0,24.0
2022-03-22,702.0,730.0,52.0
2022-03-23,702.0,903.0,61.0
2022-03-24,558.0,773.0,74.0
2022-03-25,543.0,872.0,81.0
2022-03-26,496.0,693.0,141.0
2022-03-27,400.0,593.0,25.0
2022-03-28,346.0,471.0,25.0
2022-03-29,424.0,528.0,22.0
2022-03-30,438.0,562.0,21.0
2022-03-31,429.0,620.0,48.0
2022-04-01,418.0,454.0,79.0
2022-04-02,331.0,472.0,74.0
2022-04-03,310.0,458.0,8.0
2022-04-04,256.0,378.0,56.0
2022-04-05,354.0,282.0,67.0
2022-04-06,361.0,369.0,32.0
2022-04-07,291.0,323.0,36.0
2022-04-08,353.0,325.0,75.0
2022-04-09,347.0,383.0,21.0
2022-04-10,223.0,299.0,5.0
2022-04-11,196.0,265.0,18.0
2022-04-12,298.0,262.0,19.0
2022-04-13,301.0,328.0,64.0
2022-04-14,233.0,263.0,63.0
2022-04-15,192.0,303.0,23.0
2022-04-16,214.0,349.0,63.0
2022-04-17,279.0,236.0,12.0
2022-04-18,209.0,252.0,22.0
2022-04-19,355.0,191.0,53.0
2022-04-20,332.0,256.0,48.0
2022-04-21,315.0,242.0,31.0
2022-04-22,300.0,217.0,38.0
2022-04-23,281.0,203.0,24.0
2022-04-24,290.0,199.0,47.0
2022-04-25,255.0,325.0,26.0
2022-04-26,341.0,228.0,36.0
2022-04-27,347.0,300.0,14.0
2022-04-28,412.0,275.0,45.0
2022-04-29,337.0,353.0,36.0
2022-04-30,314.0,273.0,21.0
2022-05-01,250.0,286.0,15.0
2022-05-02,296.0,302.0,29.0
2022-05-03,386.0,179.0,52.0
2022-05-04,342.0,327.0,26.0
2022-05-05,400.0,318.0,20.0
2022-05-06,461.0,413.0,35.0
2022-05-07,381.0,292.0,26.0
2022-05-08,324.0,330.0,6.0
2022-05-09,346.0,317.0,48.0
2022-05-10,489.0,317.0,17.0
2022-05-11,413.0,302.0,8.0
2022-05-12,419.0,344.0,5.0
2022-05-13,523.0,445.0,8.0
2022-05-14,428.0,401.0,22.0
2022-05-15,321.0,299.0,18.0
2022-05-16,324.0,364.0,31.0
2022-05-17,596.0,366.0,6.0
2022-05-18,501.0,460.0,17.0
2022-05-19,556.0,362.0,23.0
2022-05-20,558.0,446.0,63.0
